epsilon,utility,task
0.047426,0.090909,LR_PVAL
0.067725,0.136364,LR_PVAL
0.097396,0.136364,LR_PVAL
0.140546,0.181818,LR_PVAL
0.203146,0.409091,LR_PVAL
0.293883,0.181818,LR_PVAL
0.425436,0.500000,LR_PVAL
0.616395,0.636364,LR_PVAL
0.894198,0.590909,LR_PVAL
1.299718,0.454545,LR_PVAL
1.499950,0.409091,LR_PVAL